{"mean": [23.49380651541643, 71.31893426401857, 6.454137525080571, 751.4762291878129], "scale": [6.755161420155194, 22.287482364616086, 0.6676020748929595, 825.4132106257468], "feature_names": ["Temperature", "Humidity", "pH", "Rainfall"]}